{
  "name": "angular-sanitize",
  "version": "1.7.9",
  "license": "MIT",
  "main": "./angular-sanitize.js",
  "ignore": [],
  "dependencies": {
    "angular": "1.7.9"
  },
  "homepage": "https://github.com/angular/bower-angular-sanitize",
  "_release": "1.7.9",
  "_resolution": {
    "type": "version",
    "tag": "v1.7.9",
    "commit": "2c8c3dcf36da6d9de1f52c466f2808cef3b978b8"
  },
  "_source": "https://github.com/angular/bower-angular-sanitize.git",
  "_target": "^1.0.8",
  "_originalSource": "angular-sanitize"
}